Id,Names,Nationality/State,Position held,Occupation,Year born,Year deceased,Gender,Other memberships,URL References
1,"Adams, John",Massachusetts,Delegate Continental Congress; Marine Committee; Envoy to France; Minister to the Netherlands; Committee on Spies; Peace Commissioner; Committee of Five; American Commissioners,Politician; Military; Attorney at Law; Farmer,1735,1826,M,American Philosophical Society; American Academy of Arts and Sciences,https://pfe.rotunda.upress.virginia.edu/v1/documents?uri=48298.xml
3,"Vergennes, Charles Gravier, Comte de",France,Minister of Foreign Affairs,Statesman; Diplomat,1719,1787,M,American Philosophical Society,https://pfe.rotunda.upress.virginia.edu/v1/documents?uri=59390.xml
4,"Adams, Abigail",Massachusetts,,Writer,1744,1818,V,,https://pfe.rotunda.upress.virginia.edu/v1/documents?uri=48276.xml
6,"Adams, Abigail (daughter of JA and AA)",Massachusetts,,,1765,1813,V,,https://pfe.rotunda.upress.virginia.edu/v1/documents?uri=58145.xml
7,"Palmer, Joseph",Massachusetts,Militia General; State Representative,Military; Militia; Politician; Manufacturer,1716,1788,M,,https://pfe.rotunda.upress.virginia.edu/v1/documents?uri=56477.xml
8,"Warren, Mercy Otis",Massachusetts,,Poet; Playwright; Pamphleteer; Historian,1728,1814,V,,https://pfe.rotunda.upress.virginia.edu/v1/documents?uri=59598.xml
9,"Adams, John Quincy",Massachusetts,,,1767,1848,M,,https://pfe.rotunda.upress.virginia.edu/v1/documents?uri=48302.xml
11,"Thaxter, John",Massachusetts,,Attorney at Law,1755,1792,M,,https://pfe.rotunda.upress.virginia.edu/v1/documents?uri=58901.xml
12,"Lovell, James",Massachusetts,Delegate Continental Congress; Committee of Foreign Correspondence; Committee of Secret Correspondence,Politician; Schoolmaster; Tax Collector; Diplomat,1737,1814,M,,https://pfe.rotunda.upress.virginia.edu/v1/documents?uri=54941.xml
13,"Adams, Samuel",Massachusetts,Delegate Continental Congress,Politician; Brewer; Tax Collector,1722,1803,M,Sons of Liberty; American Academy of Arts and Sciences,https://pfe.rotunda.upress.virginia.edu/v1/documents?uri=48320.xml
14,"Jackson, William",South Carolina,Aide-de-camp; Assistant secretary of war,Military; Statesman,1759,1828,M,,https://pfe.rotunda.upress.virginia.edu/v1/documents?uri=53909.xml
15,"Gerry, Elbridge",Massachusetts,Delegate Continental Congress,Politician; Merchant,1744,1814,M,American Academy of Arts and Sciences,https://pfe.rotunda.upress.virginia.edu/v1/documents?uri=52448.xml
16,"Washington, George",Virginia,General; Delegate Continental Congress,Military; Politician; Farmer; Slaveholder,1732,1799,M,American Philosophical Society; American Academy of Arts and Sciences; Society of the Cincinnati; Freemasons,https://pfe.rotunda.upress.virginia.edu/v1/documents?uri=59627.xml
17,"Warren, James",Massachusetts,General; Delegate Continental Congress; Continental Navy Board; State Representative,Military; Politician; Merchant; Farmer,1726,1808,M,,https://pfe.rotunda.upress.virginia.edu/v1/documents?uri=59593.xml
18,"Hancock, John",Massachusetts,Delegate Continental Congress; President Continental Congress; Militia General,Politician; Merchant; Military; Militia,1737,1793,M,Sons of Liberty; American Academy of Arts and Sciences; Freemasons,https://pfe.rotunda.upress.virginia.edu/v1/documents?uri=53030.xml
19,"Heath, William",Massachusetts,General,Military; Farmer,1737,1814,M,,https://pfe.rotunda.upress.virginia.edu/v1/documents?uri=53288.xml
21,"Osgood, Samuel",Massachusetts,Delegate Continental Congress; Aide-de-camp; State Representative,Politician; Military; Militia; Merchant,1747,1813,M,American Academy of Arts and Sciences,https://pfe.rotunda.upress.virginia.edu/v1/documents?uri=56399.xml
22,"Gates, Horatio",Virginia,General,Military,1727,1806,M,Society of the Cincinnati,https://pfe.rotunda.upress.virginia.edu/v1/documents?uri=52408.xml
23,"Cooper, Samuel",Massachusetts,,Clergy; Pamphleteer,1725,1783,M,American Academy of Arts and Sciences,https://pfe.rotunda.upress.virginia.edu/v1/documents?uri=50766.xml
24,"Knox, Henry",Massachusetts,General,Military; Bookseller,1750,1806,M,Society of the Cincinnati,https://pfe.rotunda.upress.virginia.edu/v1/documents?uri=54321.xml
25,"Henry, Patrick",Virginia,State President/Governor; Delegate Continental Congress,Statesman; Farmer; Shopkeeper; Politician,1736,1799,M,Sons of Liberty,https://pfe.rotunda.upress.virginia.edu/v1/documents?uri=53342.xml
26,"Hughes, Hugh",New York,Quartermaster General; Colonel,Schoolmaster; Military; Shopkeeper,1727,1802,M,Sons of Liberty,https://pfe.rotunda.upress.virginia.edu/v1/documents?uri=53684.xml
27,"Chase, Samuel",Maryland,Delegate Continental Congress,Politician; Attorney at Law; Merchant,1741,1811,M,Sons of Liberty,https://pfe.rotunda.upress.virginia.edu/v1/documents?uri=50334.xml
28,"Greene, Nathanael",Rhode Island,General,Military,1742,1786,M,Society of the Cincinnati,https://pfe.rotunda.upress.virginia.edu/v1/documents?uri=52753.xml
29,"Parsons, Samuel H.",Connecticut,General,Military; Attorney at Law,1737,1789,M, ,https://pfe.rotunda.upress.virginia.edu/v1/documents?uri=56550.xml
30,"Gordon, William",Massachusetts,,Clergy,1728,1807,M,,https://pfe.rotunda.upress.virginia.edu/v1/documents?uri=52623.xml
31,"Sullivan, John",New Hampshire,General; Delegate Continental Congress,Military; Politician,1740,1795,M,,https://pfe.rotunda.upress.virginia.edu/v1/documents?uri=58686.xml
32,"Ward, Joseph",Massachusetts,Commissary general of musters; Commissary general of prisoners; Colonel; Aide-de-camp,Military; Schoolmaster; Writer; Broker ,1737,1812,M,,https://pfe.rotunda.upress.virginia.edu/v1/documents?uri=59570.xml
33,"Reed, Joseph",Pennsylvania,Delegate Continental Congress; Militia Lieutenant Colonel; General,Politician; Military; Attorney at Law; Militia,1741,1785,M,American Philosophical Society,https://pfe.rotunda.upress.virginia.edu/v1/documents?uri=57283.xml
35,"Bowdoin, James",Massachusetts,State President/Governor; State Representative,Statesman; Merchant,1726,1790,M,American Academy of Arts and Sciences,https://pfe.rotunda.upress.virginia.edu/v1/documents?uri=49388.xml
37,"Lafayette, Marie-Joseph-Paul-Yves-Roch-Gilbert du Motier, marquis de",France,General,Military,1757,1834,M,Society of the Cincinnati; Freemasons; American Philosophical Society,https://pfe.rotunda.upress.virginia.edu/v1/documents?uri=54363.xml
39,"Moylan, James",Pennsylvania,Agent in France,Merchant; Agent,1750,1784,M,,https://pfe.rotunda.upress.virginia.edu/v1/documents?uri=56025.xml
40,"Jones, John Paul",Virginia,Naval Captain,Military,1747,1792,M,Society of the Cincinnati; Freemasons,https://pfe.rotunda.upress.virginia.edu/v1/documents?uri=54091.xml
41,"Genet, Edmé Jacques",France,Chief information service,Translator; Agent,1726,1781,M,,https://pfe.rotunda.upress.virginia.edu/v1/documents?uri=52432.xml
42,"Hamilton, Alexander",New York,Colonel; Aide-de-camp; Delegate Continental Congress,Military; Politician; Attorney at Law,1755,1804,M,Society of the Cincinnati,https://pfe.rotunda.upress.virginia.edu/v1/documents?uri=52981.xml
43,"Laurens, Henry",South Carolina,State Representative; Aide-de-camp; Delegate Continental Congress; President Continental Congress; State Vice President/Governor; Minister to the Netherlands; Peace Commissioner,Politician; Diplomat; Merchant; Slave Trader; Planter; Statesman,1724,1792,M,American Philosophical Society,https://pfe.rotunda.upress.virginia.edu/v1/documents?uri=54465.xml
45,"Franklin, Benjamin",Pennsylvania,Postmaster General; Envoy to France; Delegate Continental Congress; Committee of Five; Peace Commissioner; Committee of Secret Correspondence,Statesman; Politician; Diplomat; Scientist; Writer,1706,1790,M,American Academy of Arts and Sciences; Freemasons,https://pfe.rotunda.upress.virginia.edu/v1/documents?uri=52222.xml
46,"Bradford, John",Massachusetts,Continental prize agent,Agent,1723,1784,M,,https://www.founders.archives.gov/?q=Bradford%2C%20John%20Recipient%3A%22Bradford%2C%20John%22&s=1111311121&r=1&sr= & https://pfe.rotunda.upress.virginia.edu/v1/documents?uri=49470.xml 
47,"MacCreery, William",Maryland,,Merchant,1750,1840,M,,https://pfe.rotunda.upress.virginia.edu/v1/documents?uri=55437.xml & https://founders.archives.gov/documents/Adams/06-06-02-0272 
48,"Lee, Arthur",Virginia,Delegate Continental Congress; Envoy to France; Envoy to Spain; Envoy to Prussia; American Commissioners,Politician; Diplomat; Physician,1740,1792,M,American Philosophical Society; American Academy of Arts and Sciences,https://pfe.rotunda.upress.virginia.edu/v1/documents?uri=54536.xml
49,"Bondfield, John",France,Commercial agent,Merchant; Agent,1740,1795,M,,https://pfe.rotunda.upress.virginia.edu/v1/documents?uri=49321.xml
51,"Montgomery, Robert",Spain,Agent in Spain,Merchant; Agent,,,M,,https://pfe.rotunda.upress.virginia.edu/v1/documents?uri=263117.xml
52,"Lee, William",Virginia,Envoy to Prussia; Envoy to Austria; Agent in France,Merchant; Diplomat; Agent,1739,1795,M,,https://pfe.rotunda.upress.virginia.edu/v1/documents?uri=54594.xml
53,"Williams, Jonathan",Massachusetts,Agent in France; Arms inspector,Military; Agent; Merchant,1750,1815,M,,https://pfe.rotunda.upress.virginia.edu/v1/documents?uri=60053.xml
54,"Lee, Richard Henry",Virginia,State Representative; Delegate Continental Congress,Politician,1732,1794,M,,https://pfe.rotunda.upress.virginia.edu/v1/documents?uri=54582.xml
55,"Jay, John",New York,Delegate Continental Congress; Peace Commissioner; Minister to Spain; Committee of Secret Correspondence; President Continental Congress,Politician; Diplomat; Attorney at Law,1745,1829,M,American Philosophical Society,https://pfe.rotunda.upress.virginia.edu/v1/documents?uri=53956.xml
56,"Franklin, William Temple",Great Britain,Secretary Peace Commissioners,Agent; Secretary,1760,1823,M,,https://pfe.rotunda.upress.virginia.edu/v1/documents?uri=52229.xml
58,"McKean, Thomas",Delaware; Pennsylvania,State President/Governor; Delegate Continental Congress; President Continental Congress; State Representative,Statesman; Attorney at Law; Justice,1734,1817,M,American Philosophical Society,https://pfe.rotunda.upress.virginia.edu/v1/documents?uri=55490.xml
59,"Huntington, Samuel",Connecticut,Delegate Continental Congress; President Continental Congress,Politician; Attorney at Law,1731,1796,M,,https://pfe.rotunda.upress.virginia.edu/v1/documents?uri=255978.xml
60,"Rush, Benjamin",Pennsylvania,Delegate Continental Congress; Surgeon general,Politician; Military; Physician; Slaveholder; Writer,1746,1813,M,American Philosophical Society,https://pfe.rotunda.upress.virginia.edu/v1/documents?uri=57634.xml
61,"Gillon, Alexander",South Carolina,Naval Captain; State Representative,Military; Merchant; Politician,1741,1794,M,,https://pfe.rotunda.upress.virginia.edu/v1/documents?uri=52505.xml
62,"Digges, Thomas",Maryland,Agent in Britain,Agent,1742,1821,M,,https://pfe.rotunda.upress.virginia.edu/v1/documents?uri=51404.xml
63,"Johnson, Joshua",Maryland,Consul,Diplomat; Merchant,1742,1802,M,,https://pfe.rotunda.upress.virginia.edu/v1/documents?uri=54022.xml
65,"Wilson, James",Pennsylvania,Delegate Continental Congress; Committee on Spies; Advocate general for France in America,Politician; Diplomat; Attorney at Law,1742,1798,M,,https://pfe.rotunda.upress.virginia.edu/v1/documents?uri=60121.xml
66,"Jefferson, Thomas",Virginia,State President/Governor; Delegate Continental Congress; Committee of Five,Statesman; Attorney at Law; Politician; Slaveholder; Planter; Architect,1743,1826,M,American Philosophical Society,https://pfe.rotunda.upress.virginia.edu/v1/documents?uri=53967.xml
70,"Laurens, John",South Carolina,Aide-de-camp; Lieutenant Colonel; Envoy to France,Military; Diplomat,1754,1782,M,American Philosophical Society,https://pfe.rotunda.upress.virginia.edu/v1/documents?uri=54466.xml
72,"La Vauguyon, Paul François de Quélen de Stuer de Causade, Duc de",France,French ambassador to the Dutch Republic,Diplomat,1746,1828,M,,https://pfe.rotunda.upress.virginia.edu/v1/documents?uri=54474.xml
73,"Livingston, Robert R.",New York,Delegate Continental Congress; Chancellor of New York; Committee of Five; Secretary of Foreign Affairs,Statesman; Politician; Attorney at Law; Diplomat,1746,1813,M,Freemasons,https://pfe.rotunda.upress.virginia.edu/v1/documents?uri=54850.xml
77,"Rutledge, Edward",South Carolina,State Representative; Delegate Continental Congress; Board of War; Military other,Military; Politician; Attorney at Law,1749,1800,M,,https://pfe.rotunda.upress.virginia.edu/v1/documents?uri=57694.xml
80,"Deane, Silas",Connecticut,Envoy to France; Delegate Continental Congress; American Commissioners,Politician; Diplomat; Attorney at Law; Merchant,1738,1789,M,,https://pfe.rotunda.upress.virginia.edu/v1/documents?uri=51253.xml
81,"Ross, John",Pennsylvania,Agent in France,Merchant; Agent; Financier,1726,1800,M,,https://pfe.rotunda.upress.virginia.edu/v1/documents?uri=57591.xml
83,"Izard, Ralph",South Carolina,Delegate Continental Congress; Envoy to Tuscany,Politician; Planter; Slaveholder; Diplomat,1741,1804,M,,https://pfe.rotunda.upress.virginia.edu/v1/documents?uri=53869.xml
84,"Tucker, Samuel",Massachusetts,Naval Captain,Military,1747,1833,M,,https://pfe.rotunda.upress.virginia.edu/v1/documents?uri=59164.xml
87,"Davies, William",Virginia,Lieutenant Colonel,Military,1749,,M,,https://pfe.rotunda.upress.virginia.edu/v1/documents?uri=51182.xml
88,"Madison, James",Virginia,State Representative; Delegate Continental Congress,Politician; Slaveholder,1751,1836,M,,https://pfe.rotunda.upress.virginia.edu/v1/documents?uri=55091.xml
90,"Coffyn, Francis",Flanders,Agent in France,Agent; Broker; Translator,,,M,,https://pfe.rotunda.upress.virginia.edu/v1/documents?uri=244418.xml & https://www.founders.archives.gov/?q=Coffyn%2C%20Francis%20Author%3A%22Coffyn%2C%20Francis%22&s=1111311111&r=1&sr=#BNFN-01-25-02-0393-fn-0001-ptr
92,"Greene, William",Rhode Island,State President/Governor; State Chief Justice; State Representative,Statesman; Justice; Attorney at Law,1731,1809,M,,https://pfe.rotunda.upress.virginia.edu/v1/documents?uri=52757.xml
93,"Roberdeau, Daniel",Pennsylvania,Delegate Continental Congress; Militia General,Politician; Military; Merchant; Militia,1727,1795,M,,https://pfe.rotunda.upress.virginia.edu/v1/documents?uri=57431.xml
95,"Schuyler, Philip",New York,General; Delegate Continental Congress; State Representative; State Representative; State surveyor general,Military; Politician; Surveyor,1733,1804,M,,https://pfe.rotunda.upress.virginia.edu/v1/documents?uri=57820.xml
96,"Phillips, William",Great Britain,General,Military,1731,1781,M,,https://pfe.rotunda.upress.virginia.edu/v1/documents?uri=56806.xml
97,"Morris, Robert",Pennsylvania,Delegate Continental Congress; Secret Committee of Trade; Marine Committee; Superintendent of Finance; Agent of Marine; Committee of Secret Correspondence,Politician; Diplomat; Merchant; Financier,1734,1806,M,,https://pfe.rotunda.upress.virginia.edu/v1/documents?uri=55950.xml
100,"Cambray-Digny, Louis-Antoine-Jean-Baptiste, chevalier de",France,Colonel,Military,1751,1822,M,,https://pfe.rotunda.upress.virginia.edu/v1/documents?uri=304786.xml
101,"Bache, Sarah Franklin",Pennsylvania,,,1743,1808,V,,https://pfe.rotunda.upress.virginia.edu/v1/documents?uri=48680.xml
102,"Cooke, Nicholas",Rhode Island,State President/Governor,Statesman; Merchant; Distiller,1717,1782,M,,https://pfe.rotunda.upress.virginia.edu/v1/documents?uri=50733.xml
104,"Lee, Charles",Virginia,General,Military,1731,1782,M,,https://pfe.rotunda.upress.virginia.edu/v1/documents?uri=54538.xml
107,"Livingston, William",New Jersey,State President/Governor; Delegate Continental Congress; Militia General,Statesman; Politician; Attorney at Law; Militia; Military,1723,1790,M,,https://pfe.rotunda.upress.virginia.edu/v1/documents?uri=54853.xml
109,"Clinton, George",New York,State President/Governor; Delegate Continental Congress; Militia General; General,Statesman; Politician; Military; Militia; Attorney at Law,1739,1812,M, ,https://pfe.rotunda.upress.virginia.edu/v1/documents?uri=50543.xml
112,"Trumbull, Jonathan",Connecticut,State President/Governor,Statesman,1710,1785,M,American Academy of Arts and Sciences,https://pfe.rotunda.upress.virginia.edu/v1/documents?uri=59151.xml
113,"Moylan, Stephen",Pennsylvania,Mustermaster general; Aide-de-camp; Quartermaster general; Colonel,Military; Merchant,1737,1811,M,,https://pfe.rotunda.upress.virginia.edu/v1/documents?uri=56028.xml
115,"Mercer, James",Virginia,Delegate Continental Congress; State Representative,Politician; Justice; Attorney at Law,1736,1793,M,,https://pfe.rotunda.upress.virginia.edu/v1/documents?uri=55614.xml
119,"Mifflin, Thomas",Pennsylvania,Delegate Continental Congress; Quartermaster general; General; Aide-de-camp; Board of War; State Representative,Politician; Military; Merchant ,1744,1800,M,American Philosophical Society,https://pfe.rotunda.upress.virginia.edu/v1/documents?uri=55677.xml
120,"McDougall, Alexander",New York,Delegate Continental Congress; General; United States Secretary of Marine,Statesman; Politician; Military; Pamphleteer; Banker; Merchant,1732,1786,M, ,https://pfe.rotunda.upress.virginia.edu/v1/documents?uri=55450.xml
121,"Hartley, David",Great Britain,Peace Commissioner; Member of Parliament,Diplomat; Politician,1732,1813,M,,https://pfe.rotunda.upress.virginia.edu/v1/documents?uri=53155.xml
123,"Pickering, Timothy",Massachusetts,Quartermaster general; Board of War; Militia Colonel; General,Military; Attorney at Law; Militia,1745,1829,M,,https://pfe.rotunda.upress.virginia.edu/v1/documents?uri=56822.xml
124,"Carmichael, William",Maryland,Delegate Continental Congress; Agent in France; Envoy to Prussia,Politician; Diplomat,1739,1795,M,American Philosophical Society,https://pfe.rotunda.upress.virginia.edu/v1/documents?uri=50098.xml
125,"Carrington, Edward",Virginia,Lieutenant Colonel,Military,1748,1810,M, ,https://pfe.rotunda.upress.virginia.edu/v1/documents?uri=50120.xml
130,"Woodford, William",Virginia,General,Military; Planter; Militia,1734,1780,M,Freemasons,https://pfe.rotunda.upress.virginia.edu/v1/documents?uri=60224.xml
132,"Cadwalader, John",Pennsylvania,State Representative; Militia General,Military; Merchant; Pamphleteer; Militia,1742,1786,M,American Philosophical Society,https://pfe.rotunda.upress.virginia.edu/v1/documents?uri=49940.xml & https://search.amphilsoc.org/memhist/search?creator=Cadwalader%2C+John&title=&subject=&subdiv=&mem=&year=&year-max=&dead=&keyword=&smode=advanced
133,"Lee, Thomas Sim",Maryland,State President/Governor; Delegate Continental Congress,Statesman,1745,1819,M,,https://pfe.rotunda.upress.virginia.edu/v1/documents?uri=54592.xml
134,"Humphreys, David",Connecticut,Lieutenant Colonel; Aide-de-camp; Militia Major,Military; Militia,1752,1818,M, ,https://pfe.rotunda.upress.virginia.edu/v1/documents?uri=53718.xml
135,"St. Clair, Arthur",Pennsylvania,General,Military,1737,1818,M,Society of the Cincinnati,https://pfe.rotunda.upress.virginia.edu/v1/documents?uri=58447.xml
136,"Lincoln, Benjamin",Massachusetts,Militia General; State Representative; United States Secretary of War; General,Military; Statesman; Militia,1733,1810,M,American Academy of Arts and Sciences; Society of the Cincinnati; Freemasons,https://docs.google.com/spreadsheets/d/1KJ1atid2DB5ZS-iWCxMkGCCdY8F1xb6BP-lKzoIVRgo/edit#gid=556612566
137,"Brodhead, Daniel",Pennsylvania,Deputy surveyor general; Colonel,Military; Surveyor,1736,1809,M, ,https://pfe.rotunda.upress.virginia.edu/v1/documents?uri=49607.xml
138,"Harrison, Robert Hanson",Virginia,Lieutenant Colonel,Military; Attorney at Law; Justice; Secretary,1745,1790,M,,https://pfe.rotunda.upress.virginia.edu/v1/documents?uri=53139.xml
139,"McHenry, James",Maryland,State Representative,Politician; Physician; Secretary,1753,1816,M,,https://pfe.rotunda.upress.virginia.edu/v1/documents?uri=55474.xml
141,"Innes, James",Virginia,State Representative; Lieutenant Colonel,Military; Politician; Militia,1754,1798,M,,https://pfe.rotunda.upress.virginia.edu/v1/documents?uri=53845.xml
142,"Clark, George Rogers",Virginia,Militia General,Military; Militia,1752,1818,M,,https://pfe.rotunda.upress.virginia.edu/v1/documents?uri=50463.xml
143,"Muter, George",Virginia,State Commissioner of the War Office,Military,1730,1811,M,,https://pfe.rotunda.upress.virginia.edu/v1/documents?uri=56087.xml
145,"La Luzerne, Anne-César, chevalier de",France,Minister to the United States,Diplomat,1741,1791,M,American Philosophical Society; American Academy of Arts and Sciences,https://pfe.rotunda.upress.virginia.edu/v1/documents?uri=54374.xml
147,"Varick, Richard",New York,Colonel; Aide-de-camp,Military; Attorney at Law; Secretary ,1753,1831,M,Society of the Cincinnati,https://pfe.rotunda.upress.virginia.edu/v1/documents?uri=59358.xml
149,"Mazzei, Philip",Tuscany,Agent in Italy; Agent in France,Agent; Merchant; Writer; Physician,1730,1816,M,,https://www.britannica.com/biography/Philip-Mazzei & https://pfe.rotunda.upress.virginia.edu/v1/documents?uri=55377.xml
150,"Weedon, George",Virginia,General,Military; Tavern Keeper,1734,1793,M,Freemasons,https://pfe.rotunda.upress.virginia.edu/v1/documents?uri=59785.xml
151,"Skinner, Abraham",Pennsylvania ,Commissary general of prisoners; Colonel,Military,1755,1826,M,,https://pfe.rotunda.upress.virginia.edu/v1/documents?uri=58107.xml
152,"Webb, Samuel Blachley",Connecticut,Aide-de-camp; Colonel,Military; Secretary,1753,1807,M,Society of the Cincinnati,https://pfe.rotunda.upress.virginia.edu/v1/documents?uri=59773.xml
153,"Dickinson, John",Delaware; Pennsylvania,State President/Governor; Delegate Continental Congress; Military other; Committee of Secret Correspondence,Statesman; Politician; Attorney at Law,1732,1808,M,,https://pfe.rotunda.upress.virginia.edu/v1/documents?uri=51372.xml
154,"Bingham, William",Pennsylvania,Agent in Martinique,Merchant; Agent; Diplomat; Banker,1752,1804,M,,https://pfe.rotunda.upress.virginia.edu/v1/documents?uri=49175.xml
156,"Johnson, Thomas",Maryland,State President/Governor; Delegate Continental Congress; Military other; Committee of Secret Correspondence,Statesman; Attorney at Law,1732,1819,M,,https://pfe.rotunda.upress.virginia.edu/v1/documents?uri=54035.xml
159,"La Rochefoucauld, Louis-Alexandre, duc de La Roche-Guyon et de",France,,Chemist; Agent,1743,1792,M,,https://pfe.rotunda.upress.virginia.edu/v1/documents?uri=54434.xml & https://www.founders.archives.gov/?q=La%20Rochefoucauld%2C%20Louis-Alexandre%2C%20duc%20de%20La%20Roche-Guyon%20et%20de%20Author%3A%22La%20Rochefoucauld%2C%20Louis-Alexandre%2C%20duc%20de%20La%20Roche-Guyon%20et%20de%22&s=1111311111&r=1&sr= 
160,"Grand, Rodolphe-Ferdinand",France,Agent in France,Agent; Banker,1726,1794,M,,https://pfe.rotunda.upress.virginia.edu/v1/documents?uri=52669.xml
161,"Dayton, Elias",New Jersey,General,Military; Merchant,1737,1807,M, ,https://pfe.rotunda.upress.virginia.edu/v1/documents?uri=51243.xml
166,"Malcom, William",New York,General; State Representative,Military; Merchant; Politician; Militia,1745,1791,M,,https://pfe.rotunda.upress.virginia.edu/v1/documents?uri=55138.xml
167,"Scott, Charles",Virginia,General,Military; Artisan,1739,1813,M, ,https://pfe.rotunda.upress.virginia.edu/v1/documents?uri=57823.xml
169,"Bland, Theodorick",Virginia,Colonel,Military; Physician; Planter,1741,1790,M,,https://pfe.rotunda.upress.virginia.edu/v1/documents?uri=49248.xml
170,"Morgan, Daniel",Virginia,General,Military; Planter,1735,1802,M,Society of the Cincinnati,https://pfe.rotunda.upress.virginia.edu/v1/documents?uri=55884.xml
171,"Wayne, Anthony",Pennsylvania,General; State Representative,Military; Politician; Surveyor; Artisan,1745,1796,M,American Philosophical Society; Society of the Cincinnati,https://pfe.rotunda.upress.virginia.edu/v1/documents?uri=59744.xml
172,"Boudinot, Elias",New Jersey,Delegate Continental Congress; President Continental Congress; Acting Secretary for Foreign Affairs; Commissary general of prisoners,Politician; Attorney at Law; Statesman,1740,1821,M,,https://pfe.rotunda.upress.virginia.edu/v1/documents?uri=49369.xml
173,"Morris, Gouverneur",New York,Delegate Continental Congress; State Representative; State superintendent of finance,Politician; Attorney at Law,1752,1816,M,,https://pfe.rotunda.upress.virginia.edu/v1/documents?uri=55919.xml
175,"Thomson, Charles",Pennsylvania,Secretary of the Continental Congress,Secretary; Merchant,1729,1824,M,Sons of Liberty,https://pfe.rotunda.upress.virginia.edu/v1/documents?uri=58959.xml
178,"Nelson, Thomas",Virginia,Delegate Continental Congress; State Representative; State President/Governor; Militia General,Statesman; Politician; Military; Militia,1738,1789,M,,https://pfe.rotunda.upress.virginia.edu/v1/documents?uri=56155.xml
180,"Smith, Samuel",Maryland,Lieutenant Colonel; Militia General,Military; Merchant; Militia,1752,1839,M,,https://pfe.rotunda.upress.virginia.edu/v1/documents?uri=58249.xml
183,"Grayson, William",Virginia,Colonel; Board of War; Aide-de-camp,Military; Attorney at Law,1736,1790,M,American Philosophical Society,https://pfe.rotunda.upress.virginia.edu/v1/documents?uri=52730.xml
185,"Pettit, Charles",New Jersey; Pennsylvania,Assistant quartermaster general; State secretary of state,Military; Attorney at Law,1736,1806,M,American Philosophical Society,https://pfe.rotunda.upress.virginia.edu/v1/documents?uri=56770.xml
188,"Wadsworth, Jeremiah",Connecticut,Deputy commissary general of purchases; Commissary general of the army; Commissary for the French forces in America,Military; Merchant; Agent,1743,1804,M,,https://pfe.rotunda.upress.virginia.edu/v1/documents?uri=59454.xml
189,"Duane, James",New York,Delegate Continental Congress; State Representative,Politician; Attorney at Law,1733,1797,M,,https://pfe.rotunda.upress.virginia.edu/v1/documents?uri=51535.xml
191,"Létombe, Philippe André Joseph de",France,Consul,Diplomat,1738,1833,M,,https://pfe.rotunda.upress.virginia.edu/v1/documents?uri=54658.xml
193,"Mitchell, John",Pennsylvania,Colonel; Deputy quartermaster general; Mustermaster ,Military; Merchant,1741,1816,M,Freemasons,https://pfe.rotunda.upress.virginia.edu/v1/documents?uri=55749.xml
194,"Wood, James",Virginia,Colonel,Military,1741,1813,M, ,https://pfe.rotunda.upress.virginia.edu/v1/documents?uri=60229.xml
195,"Stirling, Lord (né William Alexander)",New Jersey,General,Military,1726,1783,M,American Philosophical Society,https://pfe.rotunda.upress.virginia.edu/v1/documents?uri=48376.xml
196,"Dumas, Charles William Frederic",Dutch Republic,Agent in the Dutch Republic,Agent; Translator,1721,1796,M,,https://pfe.rotunda.upress.virginia.edu/v1/documents?uri=51588.xml
198,"Hazard, Ebenezer",Pennsylvania,United States Postmaster General; Surveyor of the post roads,Statesman; Merchant; Surveyor,1744,1817,M,American Philosophical Society; American Academy of Arts and Sciences ,https://pfe.rotunda.upress.virginia.edu/v1/documents?uri=53260.xml
200,"Peters, Richard",Pennsylvania,Board of War; Delegate Continental Congress; State Representative; Register of admiralty,Attorney at Law; Politician; Military; Secretary; Farmer,1744,1828,M,,https://pfe.rotunda.upress.virginia.edu/v1/documents?uri=56757.xml
201,"Dana, Francis",Massachusetts,Delegate Continental Congress; Minister to Russia; Secretary to the diplomatic delegation in Paris,Politician; Diplomat; Attorney at Law; Secretary,1743,1811,M,Sons of Liberty; American Academy of Arts and Sciences,https://pfe.rotunda.upress.virginia.edu/v1/documents?uri=51093.xml
202,"Stevens, Edward",Virginia,Militia General; State Representative,Military; Politician,1745,1820,M,,https://pfe.rotunda.upress.virginia.edu/v1/documents?uri=58510.xml
203,"Chaumont, Jacques Donatien, Leray de",France,,,1726,1803,M,,https://pfe.rotunda.upress.virginia.edu/v1/documents?uri=346191.xml
204,"Gérard, Conrad Alexandre",France,Minister to the United States,Diplomat,1729,1790,M, ,https://pfe.rotunda.upress.virginia.edu/v1/documents?uri=52444.xml
206,"Lee, Henry",Virginia,Lieutenant Colonel,Military,1756,1818,M,Society of the Cincinnati; Freemasons,https://pfe.rotunda.upress.virginia.edu/v1/documents?uri=54557.xml
207,"Tilghman, Tench",Maryland,Lieutenant Colonel; Aide-de-camp,Military; Merchant,1744,1786,M, ,https://pfe.rotunda.upress.virginia.edu/v1/documents?uri=59016.xml
209,"McIntosh, Lachlan",Georgia,General,Military; Planter; Merchant,1725,1806,M,Society of the Cincinnati,https://pfe.rotunda.upress.virginia.edu/v1/documents?uri=55482.xml
210,"Neufville, Jean [de]",Dutch Republic,Agent in the Dutch Republic,Banker; Agent,1729,1796,M,,https://pfe.rotunda.upress.virginia.edu/v1/documents?uri=56168.xml
213,"Pendleton, Edmund",Virginia,State President/Governor; Delegate Continental Congress; State Representative,Statesman; Planter; Attorney at Law; Politician,1721,1803,M,,https://pfe.rotunda.upress.virginia.edu/v1/documents?uri=56683.xml
215,"Lamb, John",New York,General,Military,1735,1800,M,Sons of Liberty,https://pfe.rotunda.upress.virginia.edu/v1/documents?uri=54388.xml
219,"Jones, Joseph",Virginia,Delegate Continental Congress; State Representative,Attorney at Law; Politician; Justice,1727,1805,M,,https://pfe.rotunda.upress.virginia.edu/v1/documents?uri=54094.xml
220,"Sartine, Antoine Raymond Jean Gualbert Gabriel de",France,Minister of the Marine,Statesman; Military,1729,1801,M,,https://pfe.rotunda.upress.virginia.edu/v1/documents?uri=57770.xml
222,"Du Buysson des Aix, Charles-François, vicomte",France,Lieutenant Colonel,Military,1752,1786,M,,https://pfe.rotunda.upress.virginia.edu/v1/documents?uri=51547.xml
223,"Barbé-Marbois (Barbé de Marbois), François",France,Secretary to the legation; Consul,Politician; Diplomat,1745,1837,M,American Philosophical Society; American Academy of Arts and Sciences,https://pfe.rotunda.upress.virginia.edu/v1/documents?uri=48797.xml
224,"Nash, Abner",North Carolina,State President/Governor; State Representative; Delegate Continental Congress,Statesman; Politician,1740,1786,M,,https://pfe.rotunda.upress.virginia.edu/v1/documents?uri=264725.xml
225,"Randolph, Edmund",Virginia,Delegate Continental Congress; State Attorney General; Aide-de-camp,Attorney at Law; Politician; Statesman; Military,1753,1813,M,,https://pfe.rotunda.upress.virginia.edu/v1/documents?uri=57188.xml
226,"DeWitt, Simeon",New York,Surveyor of the Army,Surveyor; Military,1756,1834,M,,https://pfe.rotunda.upress.virginia.edu/v1/documents?uri=51361.xml
228,"Destouches, Charles-René-Dominique Sochet",France,Admiral,Military,1727,1793,M,,https://pfe.rotunda.upress.virginia.edu/v1/documents?uri=51349.xml
230,"Harrison, Benjamin",Virginia,State President/Governor; State Representative; Delegate Continental Congress,Merchant; Planter; Politician; Statesman; Slaveholder,1726,1791,M,,https://pfe.rotunda.upress.virginia.edu/v1/documents?uri=53121.xml
231,"Schweighauser, Jean-Daniel",Geneva,Agent in France,Merchant; Agent,,,M,,https://pfe.rotunda.upress.virginia.edu/v1/documents?uri=57821.xml
232,"Platt, Richard",New York,Aide-de-camp; Deputy adjutant general; Deputy quartermaster general,Military; Merchant,1754,1830,M,,https://pfe.rotunda.upress.virginia.edu/v1/documents?uri=56881.xml
234,"Trumbull, Jonathan Jr.",Connecticut,Comptroller United States treasury,Military; Secretary; Merchant; Farmer,1740,1809,M, ,https://pfe.rotunda.upress.virginia.edu/v1/documents?uri=59150.xml
238,"Smith, James",New Jersey,,Physician,1738,1812,M,,https://pfe.rotunda.upress.virginia.edu/v1/documents?uri=58183.xml & https://www.founders.archives.gov/?q=James%20Smith%20Author%3A%22Smith%2C%20James%22&s=1111311111&r=3&sr= 
240,"Landais, Pierre",France,Agent in United States; Naval Captain,Agent; Military,1734,1820,M,,https://pfe.rotunda.upress.virginia.edu/v1/documents?uri=54397.xml
241,"Muhlenberg, Peter",Virginia,General,Clergy; Military,1746,1807,M,,https://pfe.rotunda.upress.virginia.edu/v1/documents?uri=56035.xml
242,"Walker, John",Virginia,Delegate Continental Congress; State Representative; Aide-de-camp,Politician; Military; Planter; Attorney at Law,1744,1809,M,American Philosophical Society,https://pfe.rotunda.upress.virginia.edu/v1/documents?uri=59499.xml
246,"Steuben, Friedrich Wilhelm Ludolf Gerhard Augustin, Baron [von]",Prussia,Inspector general; General,Military,1730,1794,M,American Philosophical Society; Society of the Cincinnati,https://pfe.rotunda.upress.virginia.edu/v1/documents?uri=58504.xml
248,"Walker, Benjamin",New York,Aide-de-camp; Lieutenant Colonel,Military,1753,1818,M,,https://pfe.rotunda.upress.virginia.edu/v1/documents?uri=59491.xml
254,"Beaumarchais, Pierre Augustin Caron de",France,Agent in France,Playwright; Agent,1732,1799,M,,https://pfe.rotunda.upress.virginia.edu/v1/documents?uri=242447.xml
255,Committee for Foreign Affairs,United States,,,,,O,,
256,Board of Trade,United States,,,,,O,,
257,Board of War,United States,,,,,O,,
260,Continental Congress,United States,,,,,O,,
261,President of Congress,United States,,,,,O,,
262,Massachusetts Council,Massachusetts,,,,,O,,
263,Massachusetts General Court,United States,,,,,O,,
264,"Willink, Wilhem & Jan",Dutch Republic,,,,,O,,
266,Virginia Delegates,Virginia,,,,,O,,
267,La Lande & Fynje,Dutch Republic,,,,,O,,
268,"Staphorst, Nicolaas & Jacob van",Dutch Republic,,,,,O,,
269,Committee of Secret Correspondence,United States,,,,,O,,
271,"Amiel, Peter",Massachusetts,Naval Captain,Military,1749,1791,M,,https://pfe.rotunda.upress.virginia.edu/v1/documents?uri=48461.xml https://www.myheritage.nl/names/peter_amiel 
272,"Antill, Edward",New Jersey,Lieutenant Colonel,Military,1742,1789,M,,https://pfe.rotunda.upress.virginia.edu/v1/documents?uri=48526.xml
273,"Arendt, Henry Leonard Philip",Prussia,Colonel,Military,,,M,,https://pfe.rotunda.upress.virginia.edu/v1/documents?uri=48547.xml
274,"Austin, Jonathan Loring",Massachusetts,,Merchant; Secretary; Agent,1748,1826,M,,https://pfe.rotunda.upress.virginia.edu/v1/documents?uri=48646.xml
275,"Banister, John",Virginia,Delegate Continental Congress,Politician; Lawyer; Military,1734,1788,M,,https://pfe.rotunda.upress.virginia.edu/v1/documents?uri=239913.xml
276,"Barclay, Thomas",Pennsylvania,Consul in France; State Representative,Diplomat; Merchant,1728,1793,M,,https://pfe.rotunda.upress.virginia.edu/v1/documents?uri=48818.xml
277,"Barry, John",Pennsylvania,Naval Captain,Military,1745,1803,M,,https://pfe.rotunda.upress.virginia.edu/v1/documents?uri=48878.xml
278,"Berckel, Engelbert François van",Dutch Republic,Minister to the United States,Diplomat; Merchant; Pensionary,1726,1796,M,,https://pfe.rotunda.upress.virginia.edu/v1/documents?uri=49102.xml
279,"Costentin, Berubé de",,,Continental prize agent,,,M,,https://pfe.rotunda.upress.virginia.edu/v1/documents?uri=244521.xml
280,Board of Admiralty,United States,,,,,O,,
281,Boux,Dutch Republic,,Shipbuilder,,,M,,https://pfe.rotunda.upress.virginia.edu/v1/documents?uri=240633.xml https://www.founders.archives.gov/?q=boux%20Author%3A%22Boux%2C%20%E2%80%94%E2%80%94%22&s=1111311111&r=2&sr= 
283,"Brooks, David",Pennsylvania,Lieutenant; Assistant Clothier General,Attorney at Law,1756,1838,M,,https://pfe.rotunda.upress.virginia.edu/v1/documents?uri=243803.xml
284,"Brooks, John",Massachusetts,Lieutenant Colonel; Subinspector General,Physician; Military,1752,1825,M,Society of the Cincinnati,https://pfe.rotunda.upress.virginia.edu/v1/documents?uri=49630.xml
285,"Campbell, Archibald",Great Britain,Lieutenant Colonel; Member of Parliament,Politician; Military,1739,1791,M,,https://pfe.rotunda.upress.virginia.edu/v1/documents?uri=49997.xml
286,"Canfield, Samuel",Connecticut,,,1726,1799,M,,https://pfe.rotunda.upress.virginia.edu/v1/documents?uri=246526.xml
287,"Capellen tot den Pol, Joan Derk, Baron van der",Dutch Republic,State Representative,Politician; Pamphleteer; Fundraiser,1741,1784,M,,https://pfe.rotunda.upress.virginia.edu/v1/documents?uri=275587.xml
288,"Caracciolo, Domenico, Marchesse di Villa Marina",Two Sicilies,Ambassador of the Kingdom of the Two Sicilies,Diplomat,1715,1789,M,,https://pfe.rotunda.upress.virginia.edu/v1/documents?uri=246749.xml
289,"Chaloner, John",Pennsylvania,Assistant Commissary of Purchases,Merchant,1748,1793,M,,https://pfe.rotunda.upress.virginia.edu/v1/documents?uri=50252.xml
290,"Clarke, Jonathan",New York,Senior Commissary of the Convention Army; Lieutenante Colonel,Military,,,M,,https://pfe.rotunda.upress.virginia.edu/v1/documents?uri=50456.xml
291,"Cobb, David",Massachusetts,Lieutenant Colonel; State Representative; Aide-de-Camp; Militia General,Surgeon; Politician; Military; Militia,1748,1830,M,,https://pfe.rotunda.upress.virginia.edu/v1/documents?uri=50569.xml
292,Committee of the Continental Congress,United States,,,,,O,,
293,"Conway, Thomas",France,General; Inspector General,Military,1735,1795,M,,https://pfe.rotunda.upress.virginia.edu/v1/documents?uri=50720.xml
294,"Conyngham, Gustavus",Pennsylvania,Naval Captain,Military; Privateer,1744,1819,M,,https://pfe.rotunda.upress.virginia.edu/v1/documents?uri=50723.xml
295,"Cushing, Thomas",Massachusetts,Delegate Continental Congress; Lieutenant Governor; State Representative,Statesman; Politician,1725,1788,M,American Academy of Arts and Sciences,https://pfe.rotunda.upress.virginia.edu/v1/documents?uri=51018.xml
296,"d’Azyr, Félix Vicq",France,,Physician,1748,1794,M,,https://link.springer.com/article/10.1007/s00381-011-1424-y
297,"Dalton, Tristram",Massachusetts,State Representative,Politician; Merchant,1738,1817,M,,https://pfe.rotunda.upress.virginia.edu/v1/documents?uri=51092.xml
298,"Deane, Simeon",Connecticut,,Diplomat; Merchant,1750,1788,M,,https://pfe.rotunda.upress.virginia.edu/v1/documents?uri=51254.xml
299,"Delap, Jean-Hans",France,Agent in France,Agent; Merchant,,,M,,https://pfe.rotunda.upress.virginia.edu/v1/documents?uri=138357.xml
300,"Delap, Samuel",France,Agent in France,Agent; Merchant,,,M,,https://pfe.rotunda.upress.virginia.edu/v1/documents?uri=51299.xml
303,"Duer, William",New York,Delegate Continental Congress; State Representative; Board of War,Politician; Merchant; Military,1747,1799,M,,https://pfe.rotunda.upress.virginia.edu/v1/documents?uri=51564.xml
304,Eastern Navy Board,United States,,,,,O,,
305,"Ellery, William",Rhode Island,Delegate Continental Congress,Attorney at Law; Politician,1727,1820,M,,https://pfe.rotunda.upress.virginia.edu/v1/documents?uri=51740.xml
306,"Erskine, Robert",New Jersey,Geographer and Surveyor of the Roads,Geographer; Surveyor; Manufacturer,1735,1780,M,,https://pfe.rotunda.upress.virginia.edu/v1/documents?uri=51817.xml
307,"Falconer, Nathaniel",Pennsylvania,Commissioner of Navy; Warden of the port of Philadelphia,Military; Port Warden,1729,1806,M,,https://pfe.rotunda.upress.virginia.edu/v1/documents?uri=51913.xml
308,Farmers General,France,,,,,O,,https://www.britannica.com/place/Paris/Climate#ref364846
309,"Fitzgerald, John",Virginia,Aide-de-camp; Captain,"Merchant, Military",1700,1798,M,,https://pfe.rotunda.upress.virginia.edu/v1/documents?uri=52059.xml
310,"Fitzherbert, Alleyne",Great Britain,"Minister at Brussels; Plenipotentiary to Negotiate a Peace with Spain, France and Dutch Republic.",Diplomat,1753,1839,M,,https://pfe.rotunda.upress.virginia.edu/v1/documents?uri=52062.xml
311,"FitzPatrick, Richard",Great Britain,Member of Parliament; Captain; Commissioner for Prisoner Exchange,,,,M,,
312,"Fleury, François-Louis Teissèdre de",France,Subinspector General; Lieutenant Colonel,Military,1749,1799,M,,https://pfe.rotunda.upress.virginia.edu/v1/documents?uri=52105.xml
313,"Flint, Royal",New York,,Merchant,1754,1797,M,,https://pfe.rotunda.upress.virginia.edu/v1/documents?uri=250979.xml
314,"Franks, David Salisbury",Pennsylvania,Major; Aide-de-camp,Diplomat; Courier; Military,1742,1793,M,,https://pfe.rotunda.upress.virginia.edu/v1/documents?uri=52232.xml
315,Gentlemen at Nantes,,,,,,,,https://www.founders.archives.gov/?q=Gentlemen%20at%20Nantes%20Author%3A%22Gentlemen%20at%20Nantes%22&s=1111311111&r=1&sr=
316,"Gérard, Marie-Nicole Grossart de Virly",France,,,,,V,,https://pfe.rotunda.upress.virginia.edu/v1/documents?uri=252055.xml
317,"Gibson, George",Pennsylvania,Colonel; Prison Ward,Merchant; Military; Prison Ward,1747,1791,M,,https://pfe.rotunda.upress.virginia.edu/v1/documents?uri=52468.xml
318,"Gibson, John",Virginia,Militia Colonel,"Militia, Military; Merchant",1740,1822,M,,https://pfe.rotunda.upress.virginia.edu/v1/documents?uri=52471.xml
319,"Gilbank, John",South Carolina,Lieutenant,Military,,1780,M,,https://pfe.rotunda.upress.virginia.edu/v1/documents?uri=52473.xml
320,"Gordon, Cosmo",Great Britain,Commissioner for Prisoner Exchange,Diplomat,1736,1800,M,,https://pfe.rotunda.upress.virginia.edu/v1/documents?uri=305419.xml
321,"Gourlade, Bérard frères & Monplaisir",France,,,,,O,,https://founders.archives.gov/?q=Author%3A%22Gourlade%2C%20B%C3%A9rard%20fr%C3%A8res%20%26%20Monplaisir%22&s=1111311111&r=1
322,"Griffin, Cyrus",Virginia,State Representative; Delegate Continental Congress,Attorney at Law; Politician,1748,1810,M,,https://pfe.rotunda.upress.virginia.edu/v1/documents?uri=52815.xml
323,"Gunnison, Benjamin",New Hampshire,,Shipmaster,,,M,,https://pfe.rotunda.upress.virginia.edu/v1/documents?uri=252944.xml
324,"Hamilton, James",Great Britain,General,Military,1728,1803,M,,https://pfe.rotunda.upress.virginia.edu/v1/documents?uri=52995.xml
325,"Henley, David",Massachusetts,Colonel ,Merchant; Military,1748,1823,M,,https://pfe.rotunda.upress.virginia.edu/v1/documents?uri=53324.xml
326,"Hitchcock, Daniel",Rhode Island,Colonel ,Attorney at Law; Military,1739,1777,M,,https://pfe.rotunda.upress.virginia.edu/v1/documents?uri=53430.xml
327,"Hodge, William",Pennsylvania,Agent in France,Agent; Merchant; Shipowner,1750,1780,M,,https://pfe.rotunda.upress.virginia.edu/v1/documents?uri=254230.xml
328,"Holtzendorff, Louis-Casimir, baron de",Prussia,Lieutenant Colonel,Military,1728,,M,,https://pfe.rotunda.upress.virginia.edu/v1/documents?uri=53534.xml
329,"Hopkinson, Francis",New Jersey,Navy Board; Delegate Continental Congress; Marine Committee; Continental Treasurer of Loans; Judge of the Admiralty Court,Judge; Attorney at Law; Politician,1737,1791,M,,https://pfe.rotunda.upress.virginia.edu/v1/documents?uri=53575.xml
330,"Horneca, Fizeaux & Co.",Dutch Republic,,,,,O,,https://pfe.rotunda.upress.virginia.edu/v1/documents?uri=250584.xml
331,"Hyde, West",Great Britain,Colonel,Military,1734,1797,M,,https://pfe.rotunda.upress.virginia.edu/v1/documents?uri=255470.xml
332,"Jay, James",New York,,Physician; Chemist,1732,1815,M,,https://pfe.rotunda.upress.virginia.edu/v1/documents?uri=53959.xml
333,"Jenifer, Daniel of St. Thomas",Maryland,Delegate Continental Congress; State Representative; Major,Military; Politician,1723,1790,M,,https://pfe.rotunda.upress.virginia.edu/v1/documents?uri=53978.xml
334,"Johnson, Henry",,Naval Captain,Military,,,M,,Either https://pfe.rotunda.upress.virginia.edu/v1/documents?uri=257224.xml or https://pfe.rotunda.upress.virginia.edu/v1/documents?uri=257225.xml
335,"Johonnot, Samuel Cooper",Massachusetts,,Student,1768,1806,M,,https://pfe.rotunda.upress.virginia.edu/v1/documents?uri=54061.xml
336,"Langdon, John",New Hampshire,Delegate Continental Congress; Colonel; Continental Agent,Politician; Merchant; Military; Agent,1741,1819,M,,https://pfe.rotunda.upress.virginia.edu/v1/documents?uri=54407.xml
337,"Laurance, John",New York,Judge Advocate General; Colonel; Paymaster; State Representative,Attorney at Law; Military; Politician,1750,1810,M,,https://pfe.rotunda.upress.virginia.edu/v1/documents?uri=54463.xml
338,"Laurens, Martha",South Carolina,,,1757,1781,V,,https://pfe.rotunda.upress.virginia.edu/v1/documents?uri=258916.xml
339,"Lewis, Andrew",Virginia,General; State Representative; Indian Commissioner,Military; Politician,1720,1781,M,,https://pfe.rotunda.upress.virginia.edu/v1/documents?uri=54676.xml
340,"Livingston, Musco",Virginia,Naval Lieutenant,Military,,1798,M,,https://pfe.rotunda.upress.virginia.edu/v1/documents?uri=142060.xml
341,"Lloyd, John",,Agent in France,Agent,,,M,,https://pfe.rotunda.upress.virginia.edu/v1/documents?uri=67962.xml
342,"Lloyd, Richard Bennett",Maryland,Captain,Military,1750,1787,M,,https://pfe.rotunda.upress.virginia.edu/v1/documents?uri=54874.xml
343,"Loring, Joshua",Great Britain,Deputy Surveyor General; Commissary General of Prisoners,Surveyor; Military,1744,1789,M,,https://pfe.rotunda.upress.virginia.edu/v1/documents?uri=54922.xml
344,"Lowell, John",Massachusetts,Delegate Continental Congress,Attorney at Law; Militia; Military; Judge; Politician,1743,1802,M,,https://pfe.rotunda.upress.virginia.edu/v1/documents?uri=54947.xml
345,"Mason, Jonathan Jr.",Massachusetts,,Attorney at Law,1756,1831,M,,
346,Massachusetts Board of War,Massachusetts,,,,,O,,
347,Massachusetts Provincial Congress,Massachusetts,,,,,O,,
348,"McNeill, Daniel",Massachusetts,Naval Captain,Military; Privateer,1748,1833,M,,https://pfe.rotunda.upress.virginia.edu/v1/documents?uri=55539.xml
349,"Merckle, John Philip",Dutch Republic,,Agent,,,M,,https://pfe.rotunda.upress.virginia.edu/v1/documents?uri=261248.xml
350,"Montaudoüin de La Touche, Jean-Gabriel",France,,Writer; Agent,1722,1780,M,,https://viaf.org/viaf/12440555/
351,"Morgan, George",Pennsylvania,Colonel,Merchant; Land Speculator; Military; Indian agent,1743,1810,M,,https://pfe.rotunda.upress.virginia.edu/v1/documents?uri=55886.xml
352,"Morris, Thomas",Pennsylvania,Agent in France,Agent; Merchant,1745,1778,M,,https://pfe.rotunda.upress.virginia.edu/v1/documents?uri=55968.xml
353,New York Provincial Congress,New York,,,,,O,,
354,"Nicholson, Samuel",Maryland,Naval Captain,Military,1743,1811,M,,https://pfe.rotunda.upress.virginia.edu/v1/documents?uri=56229.xml
355,"Norton, Chapel",Great Britain,Commissioner for Prisoner Exchange,Military,,,M,,https://pfe.rotunda.upress.virginia.edu/v1/documents?uri=304096.xml
356,"O’Hara, Charles",Great Britain,Commissioner for Prisoner Exchange; General,Military,1740,1802,M,,https://pfe.rotunda.upress.virginia.edu/v1/documents?uri=56349.xml
357,"Oswald, Richard",Great Britain,Peace Commissioner,Agent; Diplomat; Merchant; Slave Trader,1735,1819,M,,https://pfe.rotunda.upress.virginia.edu/v1/documents?uri=56404.xml
358,"Page, John",Virginia,Lieutenant Governor; State Representative,Statesman; Politician; Planter,1743,1808,M,,https://pfe.rotunda.upress.virginia.edu/v1/documents?uri=56441.xml
359,"Paine, Thomas",Pennsylvania,Secretary of the Committee on Foreign Affairs; Aide-de-Camp; Agent in France; Agent in the Dutch Republic,Pamphleteer; Secretary; Military; Agent; Writer,1737,1809,M,,https://pfe.rotunda.upress.virginia.edu/v1/documents?uri=56459.xml
360,"Penet, Pierre",France,,Merchant; Land Speculator,,1812,M,,https://pfe.rotunda.upress.virginia.edu/v1/documents?uri=56691.xml
361,"Penn, John",North Carolina,Delegate Continental Congress; State Board of War,Military; Politician; Attorney at Law,1740,1788,M,,https://pfe.rotunda.upress.virginia.edu/v1/documents?uri=56697.xml
362,"Prentis, Joseph",Virginia,State Representative,Politician,1754,1809,M,,https://pfe.rotunda.upress.virginia.edu/v1/documents?uri=57035.xml
363,"Price, Richard",Great Britain,,Clergy; Writer,1723,1791,M,,https://pfe.rotunda.upress.virginia.edu/v1/documents?uri=57063.xml
364,"Pringle, John Julius",South Carolina,,Attorney at Law,1753,1843,M,,https://pfe.rotunda.upress.virginia.edu/v1/documents?uri=57075.xml
365,"Putnam, Rufus",Massachusetts,General; Chief Engineer of the Army,Engineer; Military; Farmer; Surveyor,1738,1824,M,,https://pfe.rotunda.upress.virginia.edu/v1/documents?uri=57116.xml
366,"Quincy, Josiah",Massachusetts,Militia Colonel,Military; Merchant,1710,1784,M,,https://pfe.rotunda.upress.virginia.edu/v1/documents?uri=57140.xml
367,"Read, Thomas",Pennsylvania,Naval Captain,Shipmaster; Privateer; Military; Militia,1740,1788,M,,https://pfe.rotunda.upress.virginia.edu/v1/documents?uri=57264.xml
368,"Ridley, Matthew",Maryland,Agent in Europe,Merchant; Agent,1746,1789,M,,https://pfe.rotunda.upress.virginia.edu/v1/documents?uri=57380.xml
369,"Riedesel, Friedrich Adolph (Adolf) von",Brunswick,Aide-de-Camp; General,Military,1738,1800,M,,https://pfe.rotunda.upress.virginia.edu/v1/documents?uri=57383.xml
372,"Rutledge, John",South Carolina,Delegate Continental Congress; State President/Governor,Attorney at Law; Politician; Statesman,1739,1800,M,,https://pfe.rotunda.upress.virginia.edu/v1/documents?uri=57700.xml
373,"Sargeant, William Hill",,,Privateer,,,M,,https://pfe.rotunda.upress.virginia.edu/v1/documents?uri=269749.xml
374,"Sayre, Stephen",New Jersey,Agent in Russia; Agent in Russia,Agent; Diplomat,1736,1818,M,,https://pfe.rotunda.upress.virginia.edu/v1/documents?uri=57792.xml
375,"Schulenburg, Friedrich Wilhelm, baron von der",Prussia,Minister of Trade,Statesman,1742,1815,M,,https://www.founders.archives.gov/?q=Schulenburg%2C%20Friedrich%20Wilhelm%2C%20baron%20von%20der&s=1111311111&sa=&r=1&sr=
376,"Searle, James",Pennsylvania,Agent in France; Agent in the Dutch Republic; Delegate Continental Congress,Merchant; Agent; Politician,1730,1798,M,,https://pfe.rotunda.upress.virginia.edu/v1/documents?uri=57864.xml
377,"Simpson, Thomas",,Naval Lieutenant,Military,,1784,M,,https://pfe.rotunda.upress.virginia.edu/v1/documents?uri=269954.xml & https://www.founders.archives.gov/?q=Author%3A%22Simpson%2C%20Thomas%22&s=1111311111&r=4&sr= 
379,"Spotswood, Alexander",Virginia,General,Military,1751,1818,M,,https://pfe.rotunda.upress.virginia.edu/v1/documents?uri=58371.xml
380,"Stephens, Humphrey",Great Britain,Commissioner for Prisoner Exchange; General,Military,,,M,,https://pfe.rotunda.upress.virginia.edu/v1/documents?uri=58474.xml
381,"Stewart, Charles",New Jersey,Militia Colonel; Commissary General of Issues; State Representative; Deputy Surveyor,Military; Militia; Politician; Surveyor,1729,1800,M,,https://pfe.rotunda.upress.virginia.edu/v1/documents?uri=58535.xml
382,"Strachey, Henry",Great Britain,Secretary to the British Commissioners,Secretary; Diplomat,1736,1810,M,,https://pfe.rotunda.upress.virginia.edu/v1/documents?uri=58632.xml
383,"Swift, Heman",Connecticut,Colonel,Military,1733,1814,M,,https://pfe.rotunda.upress.virginia.edu/v1/documents?uri=58728.xml
384,"Talbot, Silas",Rhode Island,Lieutenant Colonel; Naval Captain,Merchant; Shipmaster; Military; Privateer,1751,1813,M,,https://pfe.rotunda.upress.virginia.edu/v1/documents?uri=58761.xml
385,"Thomas, John",Massachusetts,General,Military,1724,1776,M,,https://pfe.rotunda.upress.virginia.edu/v1/documents?uri=58919.xml
386,"Thompson, Thomas",New Hampshire,Naval Captain,Military,,1809,M,,https://pfe.rotunda.upress.virginia.edu/v1/documents?uri=274389.xml & https://www.waymarking.com/waymarks/WME6K4 
388,"Towles, Oliver",Virginia,Militia Captain; Lieutenant Colonel,Attorney at Law; Militia; Military; Landowner,1736,1825,M,,https://pfe.rotunda.upress.virginia.edu/v1/documents?uri=59084.xml
389,"Trescott, Lemuel",Massachusetts,Major,Military,1751,1826,M,,https://pfe.rotunda.upress.virginia.edu/v1/documents?uri=59117.xml
390,"Trumbull, John",Connecticut,Aide-de-Camp; Deputy Adjutant General,Military; Painter,1756,1843,M,,https://pfe.rotunda.upress.virginia.edu/v1/documents?uri=59149.xml
391,"Van Schaick, Goose",New York,Colonel,Military,1736,1789,M,,https://pfe.rotunda.upress.virginia.edu/v1/documents?uri=59337.xml
392,"Vaughan, Benjamin",Great Britain,,Merchant; Agent,1751,1835,M,,https://pfe.rotunda.upress.virginia.edu/v1/documents?uri=59371.xml
393,"Villefranche de Genton, Jean-Louis-Ambroise, chevalier de",France,Lieutenant Colonel,Surveyor; Military; Engineer; Cartographer,1747,1784,M,,https://pfe.rotunda.upress.virginia.edu/v1/documents?uri=59409.xml
394,"Waterhouse, Benjamin",Rhode Island,,Physician,1754,1846,M,,https://pfe.rotunda.upress.virginia.edu/v1/documents?uri=59704.xml
395,"Wharton, Joseph Jr.",Pennsylvania,,Merchant; Agent,1734,1816,M,,https://pfe.rotunda.upress.virginia.edu/v1/documents?uri=59880.xml
396,"Whipple, Abraham",Rhode Island,Naval Captain,Military; Privateer,1733,1819,M,,https://pfe.rotunda.upress.virginia.edu/v1/documents?uri=59902.xml
397,"White, Anthony Walton",New Jersey,Lieutenant Colonel,Military,1750,1803,M,,https://pfe.rotunda.upress.virginia.edu/v1/documents?uri=59918.xml
398,"Wickes, Lambert",Maryland,Naval Captain,Military,1735,1777,M,,https://pfe.rotunda.upress.virginia.edu/v1/documents?uri=278173.xml & https://www.encyclopedia.com/history/encyclopedias-almanacs-transcripts-and-maps/wickes-lambert 
399,"Winthrop, John",Massachusetts,State Representative,Professor; Politician,1714,1779,M,,https://pfe.rotunda.upress.virginia.edu/v1/documents?uri=60168.xml
400,"Witherspoon, John",New Jersey,University President; Delegate Continental Congress; Board of War; Committee of Secret Correspondence,Professor; Politician; Military; Clergy,1723,1794,M,,https://pfe.rotunda.upress.virginia.edu/v1/documents?uri=60188.xml
401,"Yeates, Jasper",Pennsylvania,Indian Commissioner; State Represenative; Captain of Associators,Attorney at Law; Politician,1745,1817,M,,https://pfe.rotunda.upress.virginia.edu/v1/documents?uri=60337.xml
402,"Young, John",,Agent in France; Naval Captain,Agent; Military,,,M,,https://www.founders.archives.gov/?q=%20Author%3A%22Young%2C%20John%22&s=1111311111&r=1&sr= & https://www.founders.archives.gov/?q=%20Recipient%3A%22Young%2C%20John%22&s=1111311111&r=1&sr= 
403,"Rocqùette, J.,Th. A. Elsevier, & P. Th. Rocqùette",Dutch Republic,,,,,O,,https://www.founders.archives.gov/?q=Author%3A%22Rocquette%2C%20Jacques%2C%20Elsevier%2C%20T.%20A.%2C%20%26%20Rocquette%2C%20Pieter%20Th.%22&s=1111311111&r=1&sr=
404,"Dubbeldemuts, F. & A.",Dutch Republic,,,,,O,,https://pfe.rotunda.upress.virginia.edu/v1/documents?uri=51537.xml & https://pfe.rotunda.upress.virginia.edu/v1/documents?uri=61300.xml
405,"Ambler, Jacquelin",Virginia,State Treasurer,Treasurer; Merchant; Planter,1742,1798,M,,https://pfe.rotunda.upress.virginia.edu/v1/documents?uri=48451.xml
406,"Bradford, William",Rhode Island,State Representative; Delegate Continental Congress; Deputy Governor,Attorney at Law; Statesman; Politician,1729,1808,M,,https://pfe.rotunda.upress.virginia.edu/v1/documents?uri=49478.xml
407,Pennsylvania Committee of Safety,Pennsylvania,,,,,O,,